선수명,팀명,경기,타석,타수,안타,홈런,득점,타점,볼넷,삼진,도루,BABIP,타율,출루율,장타율,OPS,wOBA,WAR
김도영,KIA,141,625,544,189,38,143,109,66,110,40,0.375,0.347,0.42,0.647,1.067,0.442,9.33
로하스,KT,144,670,572,188,32,108,112,88,115,2,0.364,0.329,0.421,0.568,0.989,0.421,7.14
구자욱,삼성,129,568,493,169,33,92,115,55,73,13,0.346,0.343,0.417,0.627,1.044,0.438,6.85
송성문,Hero,142,602,527,179,19,88,104,64,82,20,0.369,0.34,0.409,0.518,0.927,0.402,6.16
최정,SSG,129,550,468,136,37,93,107,55,114,5,0.306,0.291,0.384,0.594,0.978,0.41,6.02
에레디아,SSG,136,591,541,195,21,82,118,28,73,4,0.382,0.36,0.399,0.538,0.937,0.402,4.89
홍창기,LG,139,637,524,176,5,96,73,96,93,10,0.398,0.336,0.447,0.41,0.857,0.398,4.88
데이비슨,NC,131,567,504,154,46,90,119,39,142,0,0.334,0.306,0.37,0.633,1.003,0.411,4.87
레이예스,롯데,144,632,574,202,15,88,111,46,82,5,0.383,0.352,0.394,0.51,0.904,0.391,4.67
오스틴,LG,140,604,527,168,32,99,132,61,82,12,0.32,0.319,0.385,0.573,0.958,0.4,4.26
박민우,NC,121,528,457,150,8,75,50,54,79,32,0.38,0.328,0.406,0.446,0.852,0.381,4.07
문보경,LG,144,602,519,156,22,80,101,65,112,7,0.337,0.301,0.372,0.507,0.879,0.376,4.01
권희동,NC,123,511,416,125,13,66,77,77,63,4,0.324,0.3,0.417,0.452,0.869,0.392,3.94
김혜성,Hero,127,567,509,166,11,90,75,47,62,30,0.35,0.326,0.383,0.458,0.841,0.37,3.89
강민호,삼성,136,452,403,122,19,48,77,35,52,3,0.305,0.303,0.365,0.496,0.861,0.37,3.71
김지찬,삼성,135,535,453,143,3,102,36,60,40,42,0.341,0.316,0.405,0.384,0.789,0.366,3.7
도슨,Hero,95,429,382,126,11,69,57,39,54,2,0.361,0.33,0.399,0.508,0.907,0.397,3.48
박성한,SSG,137,564,489,147,10,78,67,64,86,13,0.343,0.301,0.38,0.411,0.791,0.355,3.48
소크라테스*,KIA,140,602,552,171,26,92,97,41,91,13,0.33,0.31,0.359,0.516,0.875,0.371,3.47
박건우,NC,89,362,323,111,13,58,53,33,54,4,0.38,0.344,0.409,0.542,0.951,0.409,3.34
나승엽,롯데,121,489,407,127,7,59,66,69,83,1,0.37,0.312,0.411,0.469,0.88,0.392,3.33
윤동희,롯데,141,613,532,156,14,97,85,67,114,7,0.347,0.293,0.376,0.453,0.829,0.368,3.33
양의지,두산,119,485,430,135,17,57,94,40,56,2,0.325,0.314,0.379,0.474,0.853,0.371,3.32
김선빈,KIA,116,466,423,139,9,48,57,30,39,5,0.347,0.329,0.38,0.447,0.827,0.368,3.12
손호영,롯데,100,428,396,126,18,70,77,17,65,7,0.34,0.318,0.356,0.54,0.896,0.378,3.12
장성우,KT,131,489,418,112,19,53,81,60,86,5,0.29,0.268,0.355,0.45,0.805,0.352,3.09
허경민,두산,115,477,417,129,7,69,61,36,25,5,0.312,0.309,0.384,0.427,0.811,0.366,3.08
박동원,LG,130,498,434,118,20,58,80,55,112,1,0.317,0.272,0.349,0.461,0.81,0.35,3.03
고승민,롯데,120,532,481,148,14,79,87,41,78,5,0.338,0.308,0.358,0.476,0.834,0.361,2.83
노시환,한화,136,601,526,143,24,88,89,60,129,6,0.316,0.272,0.356,0.454,0.81,0.35,2.83
김재환*,두산,136,552,474,134,29,78,92,63,168,1,0.367,0.283,0.368,0.525,0.893,0.379,2.78
김주원,NC,134,475,385,97,9,61,49,51,111,16,0.326,0.252,0.371,0.379,0.75,0.348,2.52
이재현,삼성,109,458,389,101,14,71,66,58,83,2,0.295,0.26,0.365,0.414,0.779,0.351,2.49
정수빈,두산,136,608,510,145,4,95,47,70,72,52,0.319,0.284,0.376,0.361,0.737,0.342,2.46
김민혁,KT,115,393,351,124,1,47,34,35,45,4,0.399,0.353,0.41,0.419,0.829,0.376,2.39
신민재,LG,128,474,387,115,0,78,40,64,46,32,0.334,0.297,0.401,0.351,0.752,0.355,2.39
제러드,두산,38,169,144,47,10,29,39,21,35,4,0.37,0.326,0.42,0.66,1.08,0.451,2.36
황성빈,롯데,125,406,366,117,4,94,26,31,56,51,0.368,0.32,0.375,0.432,0.807,0.36,2.33
강백호,KT,144,614,550,159,26,92,96,59,127,6,0.333,0.289,0.36,0.48,0.84,0.363,2.28
최원준,KIA,136,508,438,128,9,75,56,50,66,21,0.323,0.292,0.371,0.42,0.791,0.356,2.25
전준우,롯데,109,483,423,124,17,57,82,49,84,3,0.327,0.293,0.369,0.485,0.854,0.372,2.21
페라자,한화,122,522,455,125,24,75,70,63,129,7,0.332,0.275,0.364,0.486,0.85,0.366,2.18
최지훈,SSG,125,543,483,133,11,89,49,50,71,32,0.303,0.275,0.345,0.418,0.763,0.339,2.11
박찬호,KIA,134,577,515,158,5,86,61,48,44,20,0.324,0.307,0.363,0.386,0.749,0.338,2.09
김영웅,삼성,126,509,456,115,28,65,79,45,155,9,0.314,0.252,0.321,0.485,0.806,0.343,2.09
오지환,LG,108,428,370,94,10,67,59,51,106,17,0.329,0.254,0.35,0.411,0.761,0.342,2.03
강승호,두산,140,566,521,146,18,81,81,32,158,16,0.367,0.28,0.328,0.476,0.804,0.342,2.0
나성범,KIA,102,424,374,109,21,51,80,38,98,0,0.336,0.291,0.357,0.511,0.868,0.369,1.99
한준수,KIA,115,316,287,88,7,39,41,21,48,0,0.34,0.307,0.351,0.456,0.807,0.35,1.94
최재훈,한화,116,348,280,72,4,34,37,33,58,0,0.304,0.257,0.371,0.336,0.707,0.337,1.84
최형우,KIA,116,487,425,119,22,67,109,52,86,1,0.301,0.28,0.361,0.499,0.86,0.368,1.76
문성주,LG,96,361,305,96,0,47,48,49,38,13,0.356,0.315,0.411,0.38,0.791,0.37,1.65
안치홍,한화,128,533,473,142,13,64,66,49,70,3,0.327,0.3,0.37,0.427,0.797,0.356,1.64
서건창,KIA,94,248,203,63,1,40,26,36,31,3,0.356,0.31,0.416,0.404,0.82,0.38,1.59
김휘집,NC,89,366,314,86,11,54,49,37,70,4,0.314,0.274,0.357,0.427,0.784,0.349,1.58
김태연,한화,126,472,413,120,12,59,61,45,89,5,0.342,0.291,0.363,0.436,0.799,0.354,1.54
이용규,Hero,60,227,183,56,1,27,12,31,33,2,0.367,0.306,0.429,0.372,0.801,0.381,1.53
이성규,삼성,122,355,302,73,22,56,57,31,109,9,0.293,0.242,0.339,0.5,0.839,0.36,1.53
라모스,두산,80,348,311,95,10,43,48,27,60,3,0.344,0.305,0.36,0.482,0.842,0.363,1.46
김상수,KT,113,420,369,102,4,60,45,37,59,3,0.319,0.276,0.351,0.379,0.73,0.333,1.43
오윤석,KT,73,201,174,51,6,33,27,18,41,0,0.349,0.293,0.369,0.489,0.858,0.374,1.4
이주형,Hero,115,537,473,126,13,82,60,49,119,6,0.33,0.266,0.352,0.402,0.754,0.34,1.38
배정대,KT,113,473,404,111,7,49,59,50,114,9,0.359,0.275,0.355,0.394,0.749,0.337,1.36
채은성,한화,124,498,436,118,20,61,83,49,83,1,0.29,0.271,0.351,0.463,0.814,0.355,1.36
서호철,NC,141,567,512,146,10,68,61,30,101,1,0.337,0.285,0.342,0.393,0.735,0.331,1.27
김현수,LG,137,583,517,152,8,61,69,47,76,6,0.326,0.294,0.357,0.418,0.775,0.345,1.24
박승욱,롯데,139,468,405,106,7,57,53,47,120,4,0.352,0.262,0.351,0.365,0.716,0.327,1.22
정준재,SSG,88,240,215,66,1,40,24,19,49,16,0.394,0.307,0.371,0.405,0.776,0.352,1.14
황영묵,한화,123,389,349,105,3,52,35,31,55,4,0.349,0.301,0.365,0.372,0.737,0.338,1.14
김태군,KIA,105,270,235,62,7,24,34,12,24,0,0.268,0.264,0.328,0.383,0.711,0.321,0.99
김헌곤,삼성,117,311,281,85,9,43,34,22,50,4,0.341,0.302,0.358,0.434,0.792,0.351,0.95
김재호,두산,57,154,126,38,1,20,11,19,23,0,0.359,0.302,0.395,0.365,0.76,0.355,0.95
오태곤,SSG,117,288,247,68,9,43,36,31,73,27,0.351,0.275,0.355,0.449,0.804,0.35,0.93
변우혁,KIA,69,187,168,51,5,22,21,16,48,1,0.397,0.304,0.369,0.47,0.839,0.368,0.88
이우성,KIA,112,449,399,115,9,56,54,44,89,7,0.349,0.288,0.361,0.401,0.762,0.343,0.84
문상철,KT,125,403,347,89,17,50,58,45,86,6,0.291,0.256,0.351,0.435,0.786,0.346,0.83
윤정빈,삼성,69,188,161,46,7,26,20,22,47,1,0.358,0.286,0.378,0.453,0.831,0.368,0.8
김기연,두산,95,283,252,70,5,31,31,22,47,0,0.32,0.278,0.337,0.377,0.714,0.321,0.8
신본기,KT,84,152,122,34,3,18,19,16,28,2,0.333,0.279,0.371,0.377,0.748,0.344,0.75
이창진,KIA,102,247,191,50,1,36,18,45,36,4,0.31,0.262,0.401,0.33,0.731,0.352,0.73
이지영,SSG,123,432,398,111,5,45,50,18,35,8,0.294,0.279,0.32,0.349,0.669,0.303,0.72
장진혁,한화,99,327,289,76,9,56,44,29,72,14,0.321,0.263,0.335,0.412,0.747,0.332,0.72
최인호,한화,82,244,210,60,2,37,22,25,31,3,0.324,0.286,0.367,0.386,0.753,0.344,0.69
맥키넌,삼성,72,315,272,80,4,28,36,39,33,1,0.319,0.294,0.381,0.386,0.767,0.348,0.66
양석환,두산,142,593,533,131,34,84,107,49,128,5,0.259,0.246,0.316,0.488,0.804,0.341,0.66
추신수,SSG,78,302,253,71,5,40,37,37,68,5,0.355,0.281,0.373,0.403,0.776,0.352,0.65
박해민,LG,144,553,482,127,6,72,56,46,101,43,0.315,0.263,0.336,0.359,0.695,0.317,0.63
천성호,KT,75,255,234,69,1,41,17,18,43,7,0.356,0.295,0.346,0.368,0.714,0.324,0.57
강현우,KT,18,36,26,8,1,4,8,8,10,0,0.467,0.308,0.471,0.462,0.933,0.429,0.53
박세혁,NC,82,171,148,39,1,21,10,14,43,4,0.362,0.264,0.337,0.345,0.682,0.315,0.52
박병호,삼성,76,285,249,61,20,42,60,31,83,3,0.277,0.245,0.333,0.506,0.839,0.356,0.52
박준영,두산,65,212,186,42,7,25,28,21,58,2,0.287,0.226,0.313,0.409,0.722,0.319,0.52
문현빈,한화,103,289,260,72,5,29,47,24,53,3,0.328,0.277,0.34,0.412,0.752,0.333,0.51
박상언,한화,27,52,42,12,0,4,4,9,12,1,0.4,0.286,0.423,0.357,0.78,0.375,0.49
최정원,NC,65,155,131,37,1,33,14,17,34,7,0.367,0.282,0.377,0.344,0.721,0.339,0.49
하주석,한화,64,151,137,40,1,16,11,10,34,1,0.382,0.292,0.349,0.394,0.743,0.335,0.45
정훈,롯데,109,325,285,76,9,31,47,35,63,1,0.309,0.267,0.343,0.432,0.775,0.341,0.45
심우준,KT,53,192,169,45,3,22,28,17,29,7,0.307,0.266,0.337,0.343,0.68,0.313,0.4
윤도현,KIA,6,27,27,11,1,5,8,0,9,1,0.588,0.407,0.407,0.593,1.0,0.427,0.37
전다민,두산,25,34,27,9,0,10,1,7,8,1,0.474,0.333,0.471,0.407,0.878,0.415,0.37
디아즈,삼성,29,118,110,31,7,14,19,6,25,0,0.308,0.282,0.331,0.518,0.849,0.36,0.36
이병헌,삼성,95,166,145,36,1,9,9,18,48,0,0.365,0.248,0.339,0.297,0.636,0.304,0.33
김한별,NC,40,50,44,14,0,8,3,2,9,0,0.400,0.318,0.4,0.341,0.741,0.356,0.3
이유찬,두산,103,262,231,64,3,39,23,22,51,16,0.343,0.277,0.341,0.364,0.705,0.321,0.28
이주헌,LG,3,6,6,4,0,0,3,0,2,0,1.000,0.667,0.667,1.0,1.667,0.714,0.27
홍종표,KIA,99,115,105,31,0,27,11,6,31,5,0.419,0.295,0.339,0.39,0.729,0.327,0.27
안중열,NC,10,25,21,6,2,5,4,3,7,0,0.308,0.286,0.36,0.619,0.979,0.396,0.27
천재환,NC,89,236,215,61,5,31,33,13,52,8,0.352,0.284,0.335,0.405,0.74,0.329,0.27
권광민,한화,19,51,48,13,4,10,9,3,17,0,0.333,0.271,0.314,0.583,0.897,0.368,0.27
김건희,Hero,83,283,261,67,9,27,38,18,82,0,0.333,0.257,0.3,0.418,0.718,0.31,0.27
최준우,SSG,18,34,25,6,0,2,5,9,8,0,0.353,0.24,0.441,0.32,0.761,0.38,0.27
한유섬,SSG,132,523,464,109,24,64,87,46,142,0,0.282,0.235,0.314,0.453,0.767,0.329,0.26
이도윤,한화,134,374,336,93,1,49,46,26,57,6,0.327,0.277,0.332,0.333,0.665,0.306,0.24
카데나스,삼성,7,25,24,8,2,2,5,1,6,0,0.375,0.333,0.36,0.667,1.027,0.421,0.21
이정훈,롯데,65,116,100,30,0,10,18,13,21,0,0.370,0.3,0.374,0.38,0.754,0.341,0.2
구본혁,LG,133,389,339,87,2,48,43,38,51,8,0.293,0.257,0.335,0.327,0.662,0.308,0.2
박영빈,NC,19,7,6,3,0,3,1,1,3,2,1.000,0.5,0.571,0.833,1.404,0.592,0.18
조대현,KT,26,45,36,11,0,2,3,3,12,0,0.440,0.306,0.35,0.361,0.711,0.322,0.18
이학주,롯데,43,105,95,25,2,13,4,6,44,0,0.469,0.263,0.32,0.389,0.709,0.317,0.18
한승택,KIA,20,15,11,3,0,2,2,4,1,0,0.300,0.273,0.467,0.273,0.74,0.383,0.16
이형종,Hero,35,126,102,22,4,20,19,22,27,1,0.254,0.216,0.36,0.363,0.723,0.334,0.16
김민혁,두산,5,8,5,1,1,1,2,3,3,0,0.000,0.2,0.5,0.8,1.3,0.515,0.16
여동건,두산,9,11,10,4,0,2,0,1,2,3,0.500,0.4,0.455,0.4,0.855,0.397,0.15
이호준,롯데,12,7,6,2,0,5,3,1,1,0,0.400,0.333,0.429,0.833,1.262,0.506,0.15
박경수,KT,5,3,3,2,0,2,1,0,1,0,1.000,0.667,0.667,1.0,1.667,0.714,0.13
류현준,두산,2,3,3,2,0,0,1,0,0,0,0.667,0.667,0.667,1.0,1.667,0.714,0.13
이인한,롯데,5,5,4,2,0,0,2,0,1,0,0.667,0.5,0.6,0.5,1.1,0.526,0.12
김준태,KT,23,30,25,6,0,6,3,5,6,0,0.316,0.24,0.367,0.32,0.687,0.33,0.12
김병준,KT,35,16,14,5,0,9,1,2,2,0,0.417,0.357,0.438,0.357,0.795,0.377,0.11
류지혁,삼성,100,348,302,78,3,43,36,33,70,11,0.325,0.258,0.341,0.325,0.666,0.312,0.11
박계범,두산,24,20,15,3,0,5,0,5,7,1,0.375,0.2,0.4,0.267,0.667,0.342,0.11
김두현,KIA,3,6,5,2,0,2,0,0,0,0,0.400,0.4,0.5,0.4,0.9,0.438,0.09
박정우,KIA,66,69,65,20,0,17,11,4,14,0,0.392,0.308,0.348,0.385,0.733,0.33,0.07
박성빈,Hero,12,11,9,2,0,1,2,1,2,0,0.286,0.222,0.364,0.333,0.697,0.339,0.07
전병우,삼성,58,128,111,25,5,17,14,14,42,0,0.303,0.225,0.313,0.405,0.718,0.316,0.06
김형준,NC,119,414,354,69,17,39,50,45,144,0,0.261,0.195,0.285,0.373,0.658,0.29,0.06
류승민,삼성,5,3,1,0,0,1,0,2,1,0,,0.0,0.667,0.0,0.667,0.507,0.06
홍성호,두산,15,15,14,4,0,0,1,1,7,1,0.571,0.286,0.333,0.429,0.762,0.336,0.05
고종욱,KIA,28,36,32,8,1,3,4,4,6,0,0.280,0.25,0.333,0.406,0.739,0.33,0.05
김규성,KIA,27,15,12,3,0,5,2,2,4,1,0.375,0.25,0.357,0.333,0.69,0.326,0.05
김민수,삼성,9,8,8,2,1,1,3,0,1,0,0.167,0.25,0.25,0.625,0.875,0.343,0.05
김동헌,Hero,2,7,5,1,0,0,1,1,0,0,0.200,0.2,0.429,0.2,0.629,0.355,0.05
김주성,LG,12,9,6,1,0,1,0,3,0,0,0.167,0.167,0.444,0.167,0.611,0.354,0.05
조형우,SSG,19,38,33,8,0,4,4,1,6,0,0.296,0.242,0.342,0.242,0.584,0.297,0.04
손호영,LG,2,2,2,0,0,0,0,0,0,0,0.000,0.0,0.0,0.0,0.0,0.0,0.04
박지환,SSG,76,249,228,63,4,33,21,12,61,8,0.355,0.276,0.317,0.386,0.703,0.311,0.03
김민성,롯데,35,84,70,14,2,6,8,10,18,0,0.235,0.2,0.321,0.357,0.678,0.313,0.02
김대원,LG,18,4,4,2,0,5,0,0,1,1,0.667,0.5,0.5,0.5,1.0,0.451,0.01
김성진,LG,14,16,15,4,1,1,2,1,4,0,0.300,0.267,0.313,0.467,0.78,0.332,0.01
송민섭,KT,36,20,14,3,0,8,1,3,6,0,0.375,0.214,0.421,0.214,0.635,0.349,0.01
손성빈,롯데,86,171,152,30,6,24,21,13,38,0,0.218,0.197,0.271,0.382,0.653,0.284,0.01
양찬열,두산,11,12,8,1,0,2,1,4,1,0,0.143,0.125,0.417,0.125,0.542,0.329,0.01
오명진,두산,2,2,1,0,0,0,1,1,1,0,,0.0,0.5,0.0,0.5,0.38,0.01
최명경,LG,1,3,3,1,0,0,0,0,1,0,0.500,0.333,0.333,0.333,0.666,0.301,0.0
강성우,롯데,2,3,2,1,0,0,0,0,0,0,0.500,0.5,0.5,0.5,1.0,0.451,-0.01
황대인,KIA,3,7,7,2,0,1,3,0,1,0,0.333,0.286,0.286,0.429,0.715,0.306,-0.01
홍현빈,KT,28,22,18,4,0,5,2,3,7,0,0.364,0.222,0.333,0.333,0.666,0.311,-0.01
박민,KIA,16,30,29,8,0,5,2,1,7,0,0.364,0.276,0.3,0.414,0.714,0.311,-0.02
오선진,롯데,26,29,20,4,0,0,0,2,8,0,0.333,0.2,0.333,0.25,0.583,0.297,-0.02
윤준호,두산,3,4,4,1,0,1,1,0,1,0,0.333,0.25,0.25,0.25,0.5,0.226,-0.03
장규빈,두산,3,4,4,1,0,1,0,0,1,0,0.333,0.25,0.25,0.25,0.5,0.226,-0.03
전준호,LG,3,1,1,0,0,0,0,0,1,0,,0.0,0.0,0.0,0.0,0.0,-0.03
송지후,Hero,2,1,1,0,0,1,0,0,0,0,0.000,0.0,0.0,0.0,0.0,0.0,-0.03
백승현(타),LG,1,1,1,0,0,0,0,0,0,0,0.000,0.0,0.0,0.0,0.0,0.0,-0.03
현원회,SSG,1,1,1,0,0,0,0,0,1,0,,0.0,0.0,0.0,0.0,0.0,-0.03
강민성,KT,1,1,1,0,0,0,0,0,0,0,0.000,0.0,0.0,0.0,0.0,0.0,-0.03
백두산,롯데,1,1,1,0,0,0,0,0,1,0,,0.0,0.0,0.0,0.0,0.0,-0.03
문승원(타),SSG,1,1,1,0,0,0,0,0,1,0,,0.0,0.0,0.0,0.0,0.0,-0.03
정우영(타),LG,1,1,1,0,0,0,0,0,1,0,,0.0,0.0,0.0,0.0,0.0,-0.03
권휘(타),두산,1,1,1,0,0,0,0,0,1,0,,0.0,0.0,0.0,0.0,0.0,-0.03
한경빈,한화,1,1,1,0,0,0,0,0,1,0,,0.0,0.0,0.0,0.0,0.0,-0.03
오선우,KIA,3,7,7,2,0,0,1,0,3,0,0.500,0.286,0.286,0.286,0.572,0.258,-0.04
양도근,삼성,16,29,23,4,0,5,2,5,8,0,0.267,0.174,0.321,0.261,0.582,0.288,-0.04
최원영,LG,57,41,37,10,1,18,5,1,7,6,0.310,0.27,0.341,0.405,0.746,0.338,-0.05
권동진,KT,9,10,9,2,0,3,0,1,2,0,0.286,0.222,0.3,0.222,0.522,0.257,-0.05
임종성,두산,1,4,3,0,0,0,0,1,1,0,0.000,0.0,0.25,0.0,0.25,0.19,-0.05
박수종,Hero,80,148,129,33,0,23,6,13,17,3,0.295,0.256,0.333,0.31,0.643,0.303,-0.06
김민식,SSG,45,126,106,22,1,10,10,16,33,0,0.292,0.208,0.311,0.283,0.594,0.284,-0.06
김동혁,롯데,39,17,15,3,0,8,1,2,5,3,0.300,0.2,0.294,0.333,0.627,0.286,-0.06
오영수,NC,20,34,30,6,3,4,5,2,6,0,0.136,0.2,0.265,0.5,0.765,0.311,-0.06
안승한,두산,4,5,5,1,0,0,0,0,1,0,0.250,0.2,0.2,0.2,0.4,0.181,-0.06
박준형,Hero,4,5,5,1,0,0,0,0,3,0,0.500,0.2,0.2,0.2,0.4,0.181,-0.06
강승구,롯데,5,2,2,0,0,0,0,0,1,0,0.000,0.0,0.0,0.0,0.0,0.0,-0.06
정대선,롯데,3,2,2,0,0,0,0,0,2,0,,0.0,0.0,0.0,0.0,0.0,-0.06
신용석,NC,2,2,2,0,0,0,0,0,0,0,0.000,0.0,0.0,0.0,0.0,0.0,-0.06
김휘집,Hero,51,196,174,40,5,24,25,15,49,0,0.287,0.23,0.299,0.379,0.678,0.298,-0.07
김수윤,NC,9,10,9,2,0,0,0,1,4,0,0.400,0.222,0.3,0.222,0.522,0.257,-0.07
송승환,NC,3,5,5,1,0,1,0,0,1,0,0.250,0.2,0.2,0.2,0.4,0.181,-0.07
박한결,NC,28,71,65,12,7,8,14,6,29,0,0.172,0.185,0.254,0.523,0.777,0.314,-0.07
류효승,SSG,1,2,2,0,0,0,0,0,0,0,0.000,0.0,0.0,0.0,0.0,0.0,-0.07
김세훈,NC,7,5,4,0,0,0,0,1,2,0,0.000,0.0,0.2,0.0,0.2,0.152,-0.08
한재환,NC,7,9,9,2,0,1,1,0,3,0,0.333,0.222,0.222,0.333,0.555,0.238,-0.09
안현민,KT,16,29,25,5,1,5,2,2,10,0,0.267,0.2,0.276,0.4,0.676,0.291,-0.09
김재성,삼성,10,23,20,4,0,3,1,3,5,0,0.267,0.2,0.304,0.25,0.554,0.271,-0.09
김도환,삼성,1,3,3,0,0,0,0,0,1,0,0.000,0.0,0.0,0.0,0.0,0.0,-0.09
정현승,SSG,23,31,29,7,1,1,4,2,6,1,0.273,0.241,0.29,0.345,0.635,0.283,-0.1
서예일,두산,24,20,18,4,0,2,1,2,5,0,0.308,0.222,0.3,0.222,0.522,0.257,-0.1
장승현,두산,9,23,20,4,0,1,0,2,5,0,0.267,0.2,0.273,0.3,0.573,0.264,-0.1
공민규,삼성,12,17,14,1,1,1,2,1,9,0,0.000,0.071,0.235,0.286,0.521,0.25,-0.1
최민창,SSG,7,3,3,0,0,2,0,0,1,0,0.000,0.0,0.0,0.0,0.0,0.0,-0.1
김태우,LG,4,3,3,0,0,0,0,0,3,0,,0.0,0.0,0.0,0.0,0.0,-0.1
김현종,LG,17,16,15,3,0,8,2,0,4,0,0.273,0.2,0.25,0.267,0.517,0.242,-0.11
김병휘,Hero,28,71,59,10,1,6,3,6,26,0,0.281,0.169,0.3,0.271,0.571,0.281,-0.11
최상민,SSG,43,13,12,2,0,9,1,0,5,2,0.286,0.167,0.231,0.333,0.564,0.254,-0.11
김시앙,Hero,6,7,7,1,0,1,0,0,1,0,0.167,0.143,0.143,0.143,0.286,0.129,-0.11
김수환,Hero,2,3,3,0,0,0,0,0,1,0,0.000,0.0,0.0,0.0,0.0,0.0,-0.11
예진원,Hero,22,21,19,4,0,2,0,2,8,0,0.364,0.211,0.286,0.263,0.549,0.26,-0.12
최정용,KIA,6,12,11,2,0,0,1,1,4,0,0.286,0.182,0.25,0.182,0.432,0.214,-0.12
윤준혁,KT,13,18,17,3,0,3,0,1,6,0,0.273,0.176,0.222,0.294,0.516,0.23,-0.14
장규현,한화,9,7,6,0,0,0,0,1,1,0,0.000,0.0,0.143,0.0,0.143,0.109,-0.14
김창평,SSG,6,9,7,0,0,1,0,2,4,1,0.000,0.0,0.222,0.0,0.222,0.169,-0.14
정은원,한화,27,78,64,11,1,10,6,13,16,2,0.213,0.172,0.312,0.297,0.609,0.291,-0.15
장준원,KT,17,18,14,1,0,1,0,4,5,0,0.111,0.071,0.278,0.071,0.349,0.219,-0.15
박민준,두산,5,5,5,0,0,0,0,0,3,0,0.000,0.0,0.0,0.0,0.0,0.0,-0.15
김성우,LG,4,5,5,0,0,0,0,0,4,0,0.000,0.0,0.0,0.0,0.0,0.0,-0.15
고영우,Hero,94,290,254,65,0,21,35,28,71,0,0.349,0.256,0.329,0.319,0.648,0.301,-0.16
김성윤,삼성,32,89,74,18,0,15,6,9,16,3,0.300,0.243,0.326,0.297,0.623,0.294,-0.17
김범준,NC,5,5,5,0,0,0,0,0,2,0,0.000,0.0,0.0,0.0,0.0,0.0,-0.17
김성현,SSG,71,167,141,32,1,21,15,16,28,2,0.274,0.227,0.321,0.284,0.605,0.29,-0.18
신범수,SSG,11,29,27,6,0,4,2,1,5,0,0.273,0.222,0.276,0.333,0.609,0.276,-0.18
김주형,Hero,22,25,20,3,0,0,2,1,9,0,0.273,0.15,0.292,0.15,0.442,0.248,-0.18
황재균,KT,137,536,493,128,13,60,58,34,95,4,0.297,0.26,0.309,0.383,0.692,0.306,-0.19
김재상,삼성,35,91,84,20,2,13,12,5,23,4,0.300,0.238,0.278,0.357,0.635,0.279,-0.19
이상혁,한화,43,15,13,2,0,13,0,2,5,5,0.250,0.154,0.267,0.154,0.421,0.222,-0.19
김태훈(타),삼성,12,21,20,4,0,2,1,0,3,0,0.235,0.2,0.238,0.25,0.488,0.227,-0.2
김강민,한화,41,87,76,17,1,5,7,8,21,0,0.296,0.224,0.322,0.263,0.585,0.286,-0.21
이주찬,롯데,17,25,24,4,1,7,2,1,9,0,0.214,0.167,0.2,0.333,0.533,0.226,-0.21
함창건,LG,15,17,14,2,0,3,0,2,3,0,0.182,0.143,0.25,0.143,0.393,0.208,-0.21
박민석,KT,20,14,14,3,0,6,0,0,7,0,0.429,0.214,0.214,0.214,0.428,0.193,-0.22
김인태,두산,10,26,23,4,1,3,2,2,7,0,0.188,0.174,0.231,0.304,0.535,0.233,-0.24
유강남,롯데,52,155,136,26,5,11,20,9,25,0,0.196,0.191,0.275,0.324,0.599,0.273,-0.25
한동희,롯데,14,36,35,9,0,1,3,1,9,0,0.346,0.257,0.278,0.314,0.592,0.251,-0.26
최경모,SSG,50,50,35,6,0,12,0,8,7,6,0.214,0.171,0.326,0.171,0.497,0.267,-0.26
김민수,LG,19,22,20,3,0,1,0,1,4,0,0.188,0.15,0.227,0.15,0.377,0.195,-0.27
송찬의,LG,10,21,15,1,0,2,1,3,6,1,0.100,0.067,0.25,0.067,0.317,0.2,-0.27
이명기,한화,4,8,7,0,0,0,1,0,3,0,0.000,0.0,0.0,0.0,0.0,0.0,-0.27
하재훈,SSG,107,317,290,72,10,40,36,18,90,15,0.318,0.248,0.292,0.417,0.709,0.305,-0.29
임병욱,Hero,42,92,87,21,3,14,10,4,32,1,0.340,0.241,0.272,0.379,0.651,0.281,-0.29
정준영,KT,43,74,62,14,0,9,3,8,16,0,0.304,0.226,0.324,0.258,0.582,0.285,-0.29
김찬형,SSG,5,9,9,0,0,0,0,0,4,0,0.000,0.0,0.0,0.0,0.0,0.0,-0.29
오재일,KT,83,272,232,57,8,27,37,30,70,0,0.302,0.246,0.327,0.405,0.732,0.323,-0.3
이창용,삼성,9,21,21,4,0,1,2,0,4,0,0.235,0.19,0.19,0.238,0.428,0.188,-0.3
장두성,롯데,71,37,32,5,0,23,1,3,9,14,0.217,0.156,0.27,0.156,0.426,0.228,-0.3
강태율,롯데,10,10,10,0,0,0,0,0,4,0,0.000,0.0,0.0,0.0,0.0,0.0,-0.3
원성준,Hero,51,125,112,28,2,12,11,10,36,2,0.342,0.25,0.306,0.348,0.654,0.294,-0.32
유로결,한화,23,39,36,8,0,6,4,3,11,0,0.320,0.222,0.282,0.25,0.532,0.252,-0.32
강진성,SSG,16,31,27,5,0,4,2,3,5,0,0.227,0.185,0.267,0.185,0.452,0.226,-0.33
이원석,한화,87,154,133,31,0,26,13,16,32,8,0.304,0.233,0.322,0.278,0.6,0.288,-0.35
안치영,KT,31,48,44,11,0,12,3,2,12,0,0.344,0.25,0.283,0.25,0.533,0.249,-0.36
도태훈,NC,100,181,145,31,0,20,15,24,29,1,0.263,0.214,0.345,0.241,0.586,0.297,-0.38
허도환,LG,59,105,80,11,0,10,11,9,26,0,0.200,0.138,0.3,0.163,0.463,0.257,-0.38
서동욱,롯데,33,27,26,3,0,2,0,0,8,0,0.167,0.115,0.148,0.154,0.302,0.143,-0.38
한석현,NC,40,76,73,18,0,10,3,2,22,2,0.353,0.247,0.276,0.329,0.605,0.271,-0.39
박시원,NC,55,158,141,33,2,17,17,14,46,3,0.330,0.234,0.301,0.326,0.627,0.286,-0.39
이재원,한화,72,152,134,32,1,10,16,7,21,0,0.265,0.239,0.287,0.291,0.578,0.262,-0.4
양우현,삼성,7,15,13,0,0,0,1,1,6,0,0.000,0.0,0.071,0.0,0.071,0.054,-0.4
주성원,Hero,27,62,55,11,1,7,5,6,18,0,0.278,0.2,0.279,0.273,0.552,0.258,-0.41
김동엽,삼성,8,21,18,2,0,1,2,1,5,0,0.143,0.111,0.19,0.167,0.357,0.148,-0.41
신윤후,롯데,39,35,31,5,0,5,0,1,8,0,0.217,0.161,0.235,0.161,0.396,0.204,-0.44
조수행,두산,130,382,328,87,0,59,30,33,53,64,0.312,0.265,0.334,0.293,0.627,0.295,-0.45
김건형,KT,13,25,24,3,0,2,1,1,8,0,0.188,0.125,0.16,0.167,0.327,0.152,-0.45
이영빈,LG,30,71,63,14,2,11,12,4,20,0,0.279,0.222,0.261,0.349,0.61,0.264,-0.46
최항,롯데,72,143,132,33,0,17,12,10,32,0,0.330,0.25,0.308,0.288,0.596,0.279,-0.47
임종찬,한화,24,64,57,9,0,10,7,6,19,0,0.237,0.158,0.25,0.281,0.531,0.247,-0.47
노진혁,롯데,73,157,137,30,2,13,13,15,39,0,0.286,0.219,0.297,0.307,0.604,0.276,-0.48
김성욱,NC,129,412,358,73,17,55,60,31,79,10,0.210,0.204,0.291,0.38,0.671,0.298,-0.48
이원석,Hero,39,109,91,20,0,5,8,14,18,0,0.267,0.22,0.33,0.264,0.594,0.291,-0.49
이진영,한화,42,103,93,19,1,20,13,8,27,0,0.277,0.204,0.282,0.301,0.583,0.27,-0.49
김태근,두산,43,27,23,2,0,7,1,0,10,0,0.154,0.087,0.192,0.087,0.279,0.165,-0.5
최승민,LG,57,16,13,1,0,20,1,2,3,11,0.100,0.077,0.2,0.077,0.277,0.162,-0.51
김범석,LG,70,180,162,39,6,14,24,14,49,0,0.303,0.241,0.306,0.377,0.683,0.297,-0.54
김웅빈,Hero,12,38,32,4,0,2,2,4,15,0,0.235,0.125,0.243,0.125,0.368,0.202,-0.55
김재현,Hero,110,326,288,70,0,27,26,14,63,1,0.306,0.243,0.297,0.281,0.578,0.272,-0.56
오재일,삼성,22,71,64,15,3,6,8,6,18,0,0.273,0.234,0.296,0.484,0.78,0.327,-0.56
김민석,롯데,41,83,76,16,0,14,6,2,20,3,0.286,0.211,0.268,0.276,0.544,0.255,-0.56
장재영,Hero,38,139,119,20,4,14,13,17,64,0,0.314,0.168,0.288,0.294,0.582,0.275,-0.58
안익훈,LG,37,56,49,9,0,8,3,4,13,2,0.243,0.184,0.241,0.204,0.445,0.213,-0.59
김동진,삼성,30,42,37,4,1,5,2,3,10,0,0.115,0.108,0.175,0.189,0.364,0.171,-0.59
강한울,삼성,18,25,21,2,0,1,1,0,6,0,0.125,0.095,0.091,0.095,0.186,0.082,-0.59
박주홍,Hero,25,59,49,5,0,5,1,10,17,2,0.156,0.102,0.254,0.143,0.397,0.217,-0.63
김호령,KIA,64,67,59,8,1,12,4,8,25,3,0.212,0.136,0.239,0.22,0.459,0.223,-0.64
김호진,삼성,26,32,29,2,0,4,3,1,11,0,0.105,0.069,0.125,0.069,0.194,0.106,-0.66
김재혁,삼성,35,54,49,9,0,6,6,3,19,2,0.281,0.184,0.222,0.265,0.487,0.217,-0.67
이승원,Hero,20,41,37,4,0,3,1,2,13,0,0.167,0.108,0.154,0.135,0.289,0.14,-0.67
이호연,KT,27,43,41,6,0,3,0,1,12,0,0.207,0.146,0.167,0.171,0.338,0.155,-0.68
손아섭,NC,84,355,333,95,7,45,50,16,65,6,0.332,0.285,0.314,0.396,0.71,0.311,-0.7
최주환,Hero,130,544,482,124,13,49,84,47,92,0,0.288,0.257,0.325,0.39,0.715,0.317,-0.71
정보근,롯데,89,140,133,30,2,9,7,3,31,0,0.280,0.226,0.243,0.286,0.529,0.234,-0.72
조용호,KT,60,165,149,37,0,17,13,13,25,5,0.298,0.248,0.309,0.282,0.591,0.278,-0.73
김인환,한화,51,143,131,31,1,11,7,10,32,0,0.306,0.237,0.301,0.275,0.576,0.272,-0.75
이재상,Hero,36,89,84,16,1,7,5,2,33,0,0.300,0.19,0.227,0.238,0.465,0.215,-0.75
전민재,두산,100,276,248,61,2,34,32,17,53,6,0.301,0.246,0.301,0.298,0.599,0.276,-0.76
임지열,Hero,22,57,49,5,1,4,5,7,16,0,0.121,0.102,0.211,0.163,0.374,0.189,-0.79
안상현,SSG,37,75,70,12,0,3,2,4,14,1,0.214,0.171,0.216,0.186,0.402,0.192,-0.92
박병호,KT,44,121,101,20,3,10,10,16,38,1,0.283,0.198,0.331,0.307,0.638,0.306,-0.97
안주형,삼성,82,166,142,31,0,24,8,11,39,4,0.301,0.218,0.279,0.232,0.511,0.246,-1.05
변상권,Hero,77,232,219,55,5,16,21,11,51,0,0.305,0.251,0.289,0.342,0.631,0.281,-1.06
김대한,두산,61,89,75,10,1,10,7,8,26,1,0.180,0.133,0.23,0.187,0.417,0.207,-1.12
김현준,삼성,79,205,183,41,0,23,11,11,49,2,0.299,0.224,0.279,0.29,0.569,0.262,-1.14
고명준,SSG,106,366,340,85,11,33,45,25,90,3,0.310,0.25,0.303,0.385,0.688,0.304,-1.15
전의산,SSG,34,63,57,5,1,3,3,5,15,0,0.095,0.088,0.159,0.140,0.299,0.147,-1.26
김태진,Hero,81,202,189,42,0,26,10,7,27,0,0.258,0.222,0.249,0.286,0.535,0.237,-1.35
이선우,롯데,7,0,0,0,0,1,0,0,0,0,,,,,,,
추재현,롯데,2,0,0,0,0,1,0,0,0,1,,,,,,,
김대현,LG,1,0,0,0,0,0,0,0,0,1,,,,,,,
이승호,Hero,1,0,0,0,0,0,0,0,0,0,,,,,,,
채현우,SSG,1,0,0,0,0,0,0,0,0,0,,,,,,,
김강현,롯데,1,0,0,0,0,0,0,0,0,0,,,,,,,
신준우,Hero,1,0,0,0,0,0,0,0,0,0,,,,,,,
심휘윤,Hero,1,0,0,0,0,0,0,0,0,0,,,,,,,
